route,distance_km,rail_freight_rate_rs_per_tonne,road_freight_rate_rs_per_tonne,demurrage_rate_rs_per_wagon_per_hour,handling_cost_rs_per_tonne,min_rake_size_wagons,partial_rake_penalty_percent,fuel_rate_rs_per_km,truck_availability_percent
Kolkata,200,56.0,114.04627425788527,150,8.238360395674615,58,20,50,0.8767077305360889
Patna,150,62.0,96.57228130701378,150,9.79032368834169,58,20,50,0.8354853691396176
Ranchi,100,68.0,105.91153245966142,150,7.067232377611499,58,20,50,0.7618112560809699
Durgapur,120,65.6,124.27644479392835,150,9.977713002355145,58,20,50,0.8736848395232697
Haldia,250,50.0,114.47939952444554,200,7.059993356702508,58,20,50,0.7871815161011422
